<?xml version="1.0" encoding="utf-8" ?>
<root>
    <tools name="MainToolbar">
        <tool name="InsertParagraph" />
        <tool name="ToggleScreenMode" shortcut="F11"/>
        <tool name="Bold" shortcut="CTRL+B"/>
        <tool name="Underline" shortcut="CTRL+U"/>
        <tool name="InsertOrderedList" />
        <tool name="InsertUnorderedList" />
        <tool name="InsertHorizontalRule" />
        <tool name="FormatBlock"/>
        <tool name="FormatStripper"/>
    </tools>
    <paragraphs>
        <paragraph name="&lt;P>Standard Paragraph&lt;/P&gt;" value="&lt;P&gt;" />
        <paragraph name="&lt;H1>Heading 1&lt;/H1&gt;" value="&lt;H1&gt;" />
        <paragraph name="&lt;H2>Heading 2&lt;/H2&gt;" value="&lt;H2&gt;" />
        <paragraph name="&lt;H3>Heading 3&lt;/H3&gt;" value="&lt;H3&gt;" />
        <paragraph name="&lt;P style='text-align:left'>Justify Left&lt;/P&gt;" value="&lt;P style='text-align:left'&gt;" />
        <paragraph name="&lt;P style='text-align:right'>Justify Right&lt;/P&gt;" value="&lt;P style='text-align:right'&gt;" />
        <paragraph name="&lt;P style='text-align:center'>Justify Center&lt;/P&gt;" value="&lt;P style='text-align:center'&gt;" />
    </paragraphs>
</root>